time,X,Y,Z,X,Y,Z
-0.5543587,-0.2097937,-1.064179,351.845,357.0605,0.5707369
0.3093199,0.5223625,0.5977509,351.845,357.0605,0.5707369
0.3093245,0.5223548,0.5977577,351.8452,357.0602,0.5700057
0.3092544,0.5223069,0.5977062,351.8495,357.0511,0.5592946
0.3092611,0.5224785,0.5976624,351.8619,357.0408,0.5666431
0.3092518,0.5224932,0.5976743,351.853,357.0499,0.5654336
0.3092588,0.5225047,0.5976691,351.861,357.0453,0.5607167
0.3092771,0.5225101,0.5976536,351.8454,357.0427,0.5670348
0.309346,0.5225357,0.5976816,351.8485,357.0453,0.5673293
0.3093241,0.5225147,0.5977136,351.8488,357.035,0.573046
0.3092691,0.5224128,0.5977432,351.8488,357.0432,0.5670742
0.309234,0.5224023,0.5977294,351.8466,357.05,0.5620238
0.3092389,0.5224416,0.5976899,351.8394,357.0512,0.566078
0.3092409,0.5223484,0.5976486,351.8421,357.0471,0.5700973
0.3092779,0.5223895,0.597684,351.8508,357.0525,0.5670531
0.3092537,0.5223747,0.5977301,351.8481,357.0585,0.541369
0.3092513,0.5224321,0.5977315,351.8505,357.0445,0.55511
0.3092745,0.5224391,0.5977813,351.8394,357.0397,0.5620695
0.3092678,0.5224439,0.5977839,351.8484,357.0428,0.559298
0.3092725,0.5224308,0.5977986,351.8495,357.0418,0.5723541
0.3092524,0.5224131,0.5977373,351.8384,357.0476,0.5599996
0.3093097,0.5223786,0.5976821,351.8347,357.0429,0.558761
0.309321,0.5223807,0.5976526,351.8464,357.0435,0.5523692
0.3093009,0.522321,0.597676,351.8432,357.0519,0.5635352
0.3092995,0.5224015,0.5976707,351.8416,357.0461,0.5647621
0.3093147,0.5224175,0.5976768,351.8429,357.0457,0.5683524
0.3092954,0.5224197,0.5976876,351.8408,357.0449,0.5541873
0.3092344,0.5223887,0.5977322,351.8456,357.0548,0.5527626
0.3092321,0.5223911,0.5977121,351.8505,357.0417,0.5659889
0.3091871,0.5223999,0.5976896,351.8447,357.057,0.5676899
0.3091927,0.5224522,0.5976188,351.8501,357.0557,0.5657922
0.3093246,0.5225416,0.5977129,351.8498,357.0481,0.5646058
0.3093551,0.5225687,0.5977476,351.8438,357.0387,0.5566587
0.3093364,0.5225871,0.5977737,351.8503,357.0504,0.5604712
0.3093114,0.5224885,0.5977334,351.8483,357.0398,0.5556476
0.3092611,0.5224922,0.5977218,351.858,357.0518,0.5621895
0.3092694,0.5225251,0.5977601,351.8437,357.04,0.5682814
0.3092676,0.5224361,0.5977333,351.8514,357.039,0.5660834
0.3093548,0.5224972,0.597711,351.8462,357.0388,0.5541695
0.3093327,0.5225624,0.5977441,351.8533,357.0423,0.5631917
0.3093127,0.5224845,0.5977313,351.8477,357.0423,0.5590476
0.3092812,0.5224705,0.5976895,351.8509,357.0349,0.575826
0.3093126,0.5224605,0.5976344,351.8475,357.0471,0.5566333
0.3093338,0.5224631,0.5976413,351.8411,357.0382,0.5688432
0.3093298,0.5224777,0.5976311,351.8553,357.0334,0.5597206
0.3092282,0.522468,0.5976795,351.8506,357.0463,0.572386
0.3092042,0.5223435,0.5977089,351.8397,357.0443,0.5731677
0.3092318,0.5223873,0.597747,351.8548,357.0428,0.5687752
0.3092545,0.5224327,0.5977261,351.8441,357.0314,0.5602793
0.3092982,0.5224655,0.5977811,351.8517,357.0479,0.5632167
0.3092689,0.5224479,0.5977511,351.8491,357.041,0.5690517
0.3092567,0.5224013,0.5977484,351.8578,357.0443,0.5645428
0.3092678,0.5224608,0.5977097,351.8602,357.0372,0.5570832
0.3092207,0.5224576,0.597682,351.8564,357.0486,0.562085
0.3092598,0.5224812,0.5976371,351.8553,357.046,0.5709913
0.3093478,0.5225364,0.5976976,351.8593,357.0395,0.5594299
0.3093065,0.522514,0.5977498,351.8526,357.0359,0.5684061
0.309285,0.5225248,0.5977448,351.8555,357.0396,0.568953
0.3092976,0.5225184,0.597745,351.8459,357.0363,0.5548952
0.3092909,0.5225149,0.5977123,351.8578,357.0334,0.5670032
0.3092342,0.5224983,0.5976954,351.8455,357.0463,0.5669562
0.3092331,0.5224615,0.5977098,351.8438,357.0358,0.5619754
0.3092463,0.5225057,0.5977307,351.8497,357.0344,0.5645909
0.3092387,0.5224663,0.5977129,351.8575,357.0399,0.5656188
0.3092335,0.5224447,0.5977256,351.8509,357.0377,0.5630236
0.3092966,0.5224173,0.5976725,351.855,357.0448,0.5535261
0.3092903,0.5224809,0.5976734,351.8471,357.0421,0.5577677
0.3092483,0.522422,0.5977293,351.8491,357.0313,0.5655412
0.3092371,0.5223202,0.5976738,351.8374,357.0415,0.5629584
0.3092016,0.5223835,0.597628,351.8426,357.0441,0.5674158
0.3092417,0.5224059,0.5975337,351.8334,357.0393,0.5625518
0.3092444,0.522468,0.5975922,351.8455,357.0429,0.5654994
0.3093053,0.5225338,0.597616,351.8592,357.0436,0.5489057
0.3092758,0.5225147,0.5976152,351.8472,357.0458,0.5598525
0.3092809,0.5225006,0.5975827,351.8559,357.0409,0.5591317
0.3092515,0.5224782,0.5975964,351.8604,357.0468,0.5631782
0.3092885,0.5225002,0.5975897,351.8463,357.0391,0.5683084
0.3092144,0.5224439,0.5976654,351.8605,357.0445,0.5522656
0.3093082,0.522448,0.5976784,351.8557,357.0322,0.5580381
0.3093075,0.5224538,0.5976669,351.8566,357.045,0.5585089
0.3092958,0.5224292,0.5976858,351.8615,357.0323,0.5628766
0.3092026,0.5223874,0.5977143,351.8556,357.0332,0.5685843
0.309199,0.5224448,0.5977591,351.871,357.0414,0.5681833
0.3092621,0.5224919,0.5976775,351.8649,357.0409,0.5596655
0.3092388,0.5225085,0.5976886,351.8604,357.0404,0.564156
0.3092292,0.5225006,0.5976992,351.8651,357.0444,0.5554723
0.3092092,0.5225247,0.5976812,351.871,357.0547,0.5555353
0.3092607,0.5224711,0.5976323,351.8561,357.05,0.555002
0.3093033,0.5223997,0.5976443,351.8549,357.0508,0.5637915
0.3092743,0.5223212,0.5977391,351.8567,357.0349,0.5628659
0.3093224,0.5224161,0.5977514,351.8637,357.0482,0.5645087
0.3093051,0.5223404,0.59773,351.8517,357.044,0.5737037
0.3092689,0.5222898,0.5977567,351.861,357.0486,0.5686284
0.3093011,0.5223743,0.5977205,351.855,357.0364,0.5658973
0.3092761,0.5223322,0.597717,351.8445,357.0474,0.5690679
0.3092825,0.5223227,0.5977725,351.8583,357.0515,0.5649977
0.3093216,0.522453,0.5977268,351.8532,357.0531,0.5622919
0.309339,0.5224341,0.5977254,351.8546,357.0448,0.5680791
0.3092603,0.5223651,0.5977795,351.848,357.053,0.5721183
0.3093132,0.5222833,0.5978129,351.8524,357.0359,0.5668654
0.30924,0.5223578,0.5978473,351.8499,357.0496,0.5737414
0.3092297,0.5223339,0.5977846,351.8586,357.0288,0.5702841
0.309225,0.5222557,0.5978031,351.852,357.0458,0.5786
0.3092718,0.522309,0.5978407,351.8559,357.0384,0.5665642
0.3092935,0.5223038,0.5977666,351.8465,357.0417,0.5677696
0.3092935,0.5224014,0.5977355,351.8466,357.0518,0.5653076
0.309342,0.5223827,0.5977355,351.8454,357.0544,0.5697362
0.3093452,0.5223553,0.5977366,351.8471,357.0458,0.5666673
0.309424,0.5224663,0.5976705,351.8427,357.045,0.5711432
0.3094308,0.5225604,0.5976971,351.8402,357.0418,0.5781246
0.3093365,0.5225048,0.5977422,351.8463,357.0399,0.5785164
0.3093138,0.5225343,0.5977489,351.8484,357.0407,0.5781435
0.3093646,0.5224993,0.5977848,351.8418,357.0363,0.5803645
0.3092813,0.5224754,0.5977055,351.8483,357.0542,0.5728074
0.3092878,0.5224757,0.5977066,351.842,357.0427,0.5824042
0.3092734,0.5224307,0.5977028,351.8484,357.0487,0.5825947
0.3093368,0.5224795,0.5976797,351.8577,357.0513,0.5861164
0.3093314,0.5225306,0.5976506,351.8432,357.0565,0.578389
0.3093455,0.5225331,0.5976428,351.8419,357.0508,0.5925485
0.3093121,0.5225127,0.5975969,351.8512,357.0436,0.5792156
0.3092391,0.5223864,0.5976771,351.8557,357.0557,0.58718
0.3092577,0.5223868,0.5977073,351.8509,357.0514,0.579558
0.3092812,0.5223805,0.5976338,351.8489,357.0496,0.5805339
0.3092087,0.5223726,0.5976923,351.8517,357.0591,0.5763396
0.3092604,0.5224257,0.5977664,351.8571,357.0621,0.585657
0.3092996,0.5224159,0.5977823,351.8522,357.0523,0.5854751
0.3093114,0.5223841,0.5977942,351.857,357.0576,0.5829461
0.3092561,0.5223479,0.5977429,351.8566,357.0564,0.5872671
0.30929,0.5223454,0.5976536,351.8474,357.0362,0.5878993
0.3092292,0.5223578,0.5976663,351.8466,357.0546,0.5862194
0.3092344,0.5224077,0.5976613,351.8566,357.0583,0.5856739
0.3092627,0.5224043,0.5976412,351.848,357.0522,0.5801185
0.3092487,0.5223742,0.5976368,351.8445,357.0521,0.5876061
0.3092679,0.5223225,0.5976727,351.8568,357.0424,0.586116
0.3092354,0.5223091,0.597679,351.8512,357.0611,0.579713
0.3092071,0.5223788,0.5976533,351.8443,357.0486,0.584777
0.3091772,0.5224085,0.5976757,351.8391,357.0648,0.5815803
0.3091855,0.5224488,0.5977161,351.8565,357.0605,0.5896422
0.3092517,0.522465,0.5976416,351.8593,357.046,0.5856428
0.3092667,0.522483,0.5977006,351.8517,357.0378,0.594081
0.3093346,0.5225514,0.5978022,351.8609,357.0479,0.5832002
0.3093504,0.5224952,0.5978132,351.8577,357.0568,0.5835655
0.3093679,0.5224931,0.5977491,351.8628,357.064,0.5906788
0.3093447,0.5224394,0.5977215,351.8489,357.0569,0.5816073
0.3093255,0.5224368,0.597761,351.8526,357.0508,0.5829422
0.309305,0.5224597,0.5977973,351.8453,357.0584,0.5977076
0.3092546,0.5224555,0.597761,351.8548,357.0579,0.5898953
0.3093309,0.5225112,0.5976616,351.8476,357.0519,0.5898449
0.3093378,0.5225049,0.5976526,351.8413,357.0531,0.590671
0.3093012,0.5225215,0.59762,351.8497,357.0528,0.5968114
0.3092321,0.5225246,0.5977013,351.846,357.0505,0.5952767
0.3092209,0.5225257,0.5977124,351.8539,357.0526,0.5972666
0.3091997,0.5225456,0.5976965,351.8448,357.0395,0.6024295
0.3091464,0.5225697,0.5977008,351.8463,357.0539,0.5839292
0.308656,0.5224669,0.5976067,351.8074,357.4146,0.6637698
0.3085544,0.5224719,0.5976709,351.8473,357.4277,0.6314405
0.3085377,0.5225001,0.597635,351.8451,357.4296,0.6991315
0.3082799,0.5225043,0.5976111,351.8428,357.6353,0.6683648
0.3081575,0.5225587,0.597793,351.9119,357.8643,0.7261422
0.3078411,0.5224967,0.5977415,351.8326,358.176,0.6335968
0.3077235,0.5224714,0.5977352,351.79,358.2048,0.7033986
0.3085335,0.5224921,0.5978022,351.8183,357.7844,0.5914766
0.308768,0.52246,0.597849,351.7929,357.7592,0.5955867
0.3089173,0.522531,0.5977057,351.7212,357.7843,0.5429161
0.3093985,0.522706,0.5974201,351.7884,358.0588,0.5546393
0.309292,0.5228361,0.5961899,351.8271,359.3627,0.656169
0.3088366,0.5228589,0.5949746,351.8516,1.108991,0.7206923
0.3083717,0.5228152,0.5937071,351.8751,2.535409,0.8391677
0.3079655,0.5228372,0.592258,352.0032,3.862723,0.9135995
0.3077713,0.5228761,0.5909373,352.0877,5.065017,0.9362286
0.307359,0.5231497,0.5899803,351.9828,6.032076,1.019691
0.3073159,0.523016,0.5889535,351.9861,6.997613,1.060383
0.3074863,0.523204,0.5879927,351.9733,7.863198,1.099323
0.3074933,0.5230479,0.5871981,351.9804,8.663943,1.144231
0.3071067,0.5230885,0.5866307,351.9493,9.531253,1.17584
0.3066138,0.5231028,0.5861588,351.9637,10.21641,1.229418
0.3062119,0.5230896,0.5855326,351.9495,10.60387,1.259408
0.3061631,0.5231847,0.5850341,351.9521,10.85253,1.261979
0.3062773,0.5232757,0.5848713,351.9778,10.9546,1.271726
0.3062416,0.5232929,0.5848045,351.9728,11.01545,1.273849
0.3062083,0.5233929,0.5848349,351.9778,10.98817,1.277828
0.3059009,0.5234284,0.5847838,352.0759,10.78311,1.211805
0.30595,0.5233837,0.5849043,352.1476,10.68141,1.213852
0.3061045,0.5234727,0.5850428,352.1635,10.6696,1.206369
0.3064016,0.5234991,0.5851356,352.1897,10.52288,1.226731
0.3068371,0.5234611,0.5851611,352.2028,10.03278,1.182756
0.3070673,0.5235108,0.5855383,352.2051,9.690477,1.169096
0.3071709,0.5234604,0.5859166,352.1875,9.305801,1.153485
0.3072525,0.5234956,0.5864418,352.1996,8.826438,1.129613
0.3073753,0.5234791,0.5869813,352.193,8.243031,1.095886
0.3076347,0.5234133,0.5875477,352.1753,7.52719,1.053496
0.3080322,0.5234077,0.5881553,352.1678,6.636849,1.009923
0.3076936,0.5238382,0.5890421,352.1577,5.744577,0.9498724
0.3082337,0.5238326,0.5895693,352.16,4.709191,0.9037526
0.3082435,0.5238128,0.5900223,352.161,4.173563,0.8612233
0.3081836,0.5234913,0.5906,352.1959,3.028797,0.7353414
0.3085431,0.523424,0.5913925,352.1835,1.80406,0.6645892
0.3091567,0.5231155,0.5924411,352.1735,0.4578097,0.5758854
0.3094072,0.5230111,0.5933507,352.2094,359.2603,0.4777357
0.3095386,0.5229627,0.5941184,352.1852,358.2717,0.4206358
0.3094807,0.522856,0.5949897,352.1668,357.3604,0.347911
0.3090677,0.5227213,0.5957729,352.0325,356.3403,0.2855869
0.3086281,0.522641,0.5967343,352.0867,355.431,0.2601835
0.308557,0.5226849,0.597625,352.1139,354.6867,0.2264772
0.3084869,0.5225788,0.5985596,352.0751,353.8907,0.1455116
0.308305,0.5225976,0.5994453,352.0935,353.2174,0.1338969
0.3078777,0.5225141,0.6003886,352.0363,352.732,0.0701666
0.3074106,0.522328,0.6012156,351.9766,352.3202,0.03580655
0.3064893,0.5222849,0.6020349,351.9834,352.0018,359.9197
0.306132,0.5219342,0.6020947,351.8984,352.0179,359.9161
0.3059791,0.5221398,0.6023334,352.0949,351.9681,0.06988575
0.3060074,0.5217994,0.6026086,351.9251,351.8692,0.005199432
0.3061225,0.5219215,0.6027119,352.019,351.7382,359.9803
0.3064059,0.5218043,0.6026132,351.9574,351.6537,0.01055771
0.3062928,0.5216041,0.6020682,351.9803,351.8665,359.9671
0.3061514,0.5214674,0.601904,351.8646,352.0638,359.9506
0.3060646,0.5214792,0.6019856,352.0205,352.0811,0.007160884
0.3060203,0.5216221,0.6020144,352.0235,352.0968,359.9929
0.3060142,0.5215349,0.6020069,351.9437,352.0956,0.01172194
0.3060759,0.5214968,0.6020952,352.0014,352.0624,359.9924
0.3060764,0.5215584,0.6020879,352.0041,352.0736,-0.004953838
0.3061348,0.5214883,0.6020797,351.9576,352.0551,0.008155899
0.3061545,0.5215025,0.6021626,352.0157,352.0668,359.9937
0.3061592,0.5215076,0.6021484,351.9953,352.08,0.003681861
0.3062347,0.5214773,0.6021578,351.9847,352.0621,359.9933
0.3061563,0.5214064,0.6021459,352.0135,352.0653,0.02109651
0.3061285,0.5215438,0.6021452,351.9917,352.0722,0.01484467
0.3061844,0.5215331,0.6021509,351.9904,352.0736,0.01624835
0.3061327,0.521489,0.6021142,352.0015,352.0819,0.02295741
0.3061633,0.5215263,0.6020945,351.9848,352.0747,0.01934278
0.3061586,0.5214947,0.6021741,352.006,352.0758,0.02567988
0.3061153,0.5214375,0.6021695,351.9966,352.0863,0.03089564
0.30611,0.5215646,0.6021867,351.9918,352.0762,0.03546008
0.3061163,0.521558,0.6022111,352.0026,352.088,0.03588283
0.3060821,0.5215185,0.6021881,351.9911,352.0913,0.03708093
0.3060876,0.5215823,0.6022081,351.9942,352.0831,0.05422207
0.306126,0.5216153,0.6021922,352.0043,352.0876,0.04465166
0.3061125,0.5215753,0.6021905,351.9812,352.0916,0.05360162
0.3061616,0.5214825,0.6021947,351.9844,352.0897,0.05286013
0.3061949,0.5214247,0.6022267,351.9818,352.0919,0.05391667
0.3062065,0.5215124,0.6022494,352.0001,352.0953,0.05940057
0.3061538,0.5214449,0.6021991,351.9884,352.0894,0.07872318
0.3061618,0.5214868,0.6022039,351.9945,352.091,0.07579358
0.3062564,0.5215367,0.6020998,351.9879,352.0931,0.07188319
0.3062704,0.5215155,0.602083,351.993,352.0859,0.07778337
0.3062433,0.5216429,0.6020746,351.9926,352.1033,0.07626586
0.3062751,0.5216635,0.6020483,351.9885,352.1066,0.07215329
0.306242,0.5216319,0.6020236,351.992,352.1109,0.08288792
0.3062381,0.5216276,0.6020412,351.9924,352.1057,0.09046823
0.306248,0.5216184,0.6020406,351.9902,352.109,0.08289521
0.3061974,0.5215878,0.6020153,351.9922,352.1165,0.08731122
0.3062023,0.5216123,0.6020156,351.9795,352.1105,0.1022537
0.3061697,0.521608,0.6020623,351.993,352.1224,0.09750246
0.3062017,0.5215942,0.6021111,351.9836,352.1193,0.1001423
0.3061881,0.521648,0.6021338,351.9918,352.1259,0.1023704
0.3062015,0.5216448,0.6021489,351.9899,352.1204,0.08962669
0.3061578,0.5216127,0.6021389,351.9832,352.1222,0.1013726
0.3061698,0.5215851,0.6021473,351.9798,352.1263,0.1039847
0.3061459,0.5215709,0.6022031,351.9969,352.1159,0.1122616
0.3060882,0.521525,0.6022043,351.9841,352.1238,0.1171714
0.3060866,0.5214858,0.6022065,351.9846,352.1348,0.1227356
0.3060861,0.5214869,0.6022137,351.9829,352.1312,0.1119728
0.3060534,0.5214344,0.6021898,351.9809,352.1248,0.1300706
0.3060906,0.5214264,0.6021692,351.9742,352.1257,0.1230698
0.306079,0.521436,0.6021744,351.9745,352.1318,0.1242926
0.3060553,0.5214277,0.6021594,351.9772,352.1349,0.1180623
0.3060734,0.5215135,0.6021174,351.9817,352.1379,0.1239965
0.3060836,0.5215014,0.6021228,351.9747,352.1322,0.1225348
0.3060776,0.5214908,0.6021171,351.9785,352.1216,0.1322279
0.3060967,0.5215454,0.6021056,351.9873,352.1253,0.1259963
0.306102,0.5215371,0.6020863,351.9716,352.1257,0.1215612
0.3061279,0.521569,0.6021373,351.9874,352.1384,0.1370673
0.3061415,0.5216387,0.6021321,351.9855,352.1309,0.1318332
0.306132,0.5216562,0.6021312,351.9785,352.1361,0.127774
0.3062698,0.5217969,0.6021559,351.9815,352.1465,0.124643
0.3062304,0.5217662,0.6021308,351.9794,352.1419,0.1388309
0.3062038,0.5217587,0.6021788,351.9766,352.146,0.1353818
0.3062168,0.5217732,0.6021855,351.9789,352.141,0.134121
0.3062062,0.5217564,0.6022002,351.9857,352.1381,0.1424888
0.3062155,0.5217506,0.6021929,351.9827,352.1436,0.1433121
0.3062238,0.5217451,0.6022027,351.9735,352.1428,0.1452848
0.306202,0.5217386,0.6021925,351.9835,352.1459,0.1483408
0.3062674,0.5215433,0.6022006,351.9676,352.1351,0.1448661
0.3062596,0.5215517,0.6021996,351.985,352.1436,0.1458295
0.3062163,0.5215785,0.6020705,351.9627,352.1641,0.1552047
0.3062285,0.5215835,0.602046,351.9724,352.1568,0.1577656
0.3062406,0.5214587,0.6021017,351.9785,352.149,0.1577696
0.3061767,0.5215379,0.6020906,351.9766,352.1488,0.1639252
0.3062196,0.5216382,0.6021397,351.968,352.1495,0.1741325
0.3062299,0.5216483,0.6021686,351.9772,352.131,0.1762487
0.3061648,0.5215415,0.6021914,351.9724,352.168,0.1792943
0.306174,0.5215095,0.6021773,351.9654,352.1443,0.1736604
0.3062264,0.5215836,0.6020886,351.9733,352.1613,0.1881304
0.3062181,0.5215561,0.6020657,351.9675,352.1554,0.1756561
0.3061669,0.5215489,0.6021016,351.9742,352.1644,0.1824801
0.306193,0.5215949,0.6021267,351.9739,352.1716,0.1878181
0.3062118,0.5216053,0.6021078,351.9682,352.1671,0.1792481
0.3061185,0.5216027,0.6020703,351.9731,352.1674,0.1947289
0.3062629,0.5215361,0.602158,351.9541,352.1664,0.1812443
0.3062699,0.5215601,0.6021842,351.9656,352.1717,0.1944901
0.3062032,0.5215411,0.6021521,351.9661,352.178,0.2009553
0.3062339,0.5215656,0.6021341,351.9668,352.1781,0.193826
0.3062387,0.5215821,0.6021374,351.9767,352.1747,0.2007639
0.3061769,0.5216238,0.6021841,351.9762,352.1805,0.2041304
0.3061796,0.5216209,0.6022025,351.9895,352.1727,0.2040487
0.3061756,0.5216186,0.602222,351.9845,352.1716,0.2026452
0.3061232,0.5215929,0.6021878,351.975,352.1768,0.2152155
0.3061264,0.5215923,0.6022076,351.9743,352.1718,0.2174653
0.3061221,0.5215566,0.6022197,351.9767,352.175,0.2150267
0.3061653,0.5216045,0.6021785,351.9728,352.1808,0.2130636
0.3061739,0.5216007,0.6022016,351.9629,352.1722,0.2053004
0.3062385,0.5215352,0.602188,351.9651,352.1791,0.2139696
0.306204,0.5215665,0.6021978,351.9649,352.1899,0.2204403
0.3061831,0.521581,0.6022453,351.9715,352.1839,0.2146286
0.3061795,0.5215729,0.6021899,351.9659,352.1888,0.2200605
0.3061747,0.5215777,0.6021934,351.9695,352.1869,0.2205617
0.3061711,0.5215309,0.60217,351.9651,352.1824,0.2230592
0.3061843,0.5215397,0.6021653,351.9632,352.1782,0.2321281
0.3061861,0.5215338,0.6021749,351.963,352.1816,0.218554
0.3061804,0.5215029,0.6021707,351.9543,352.1841,0.2155087
0.3061978,0.521535,0.6021366,351.9596,352.1934,0.2260712
0.3062056,0.5215418,0.6021509,351.9633,352.1873,0.2290066
0.3062659,0.521585,0.6022013,351.9574,352.1797,0.2278796
0.3062498,0.5215786,0.6022106,351.9626,352.184,0.2348555
0.3061717,0.5215364,0.602162,351.9622,352.1904,0.2330215
0.3061364,0.5216064,0.602154,351.9674,352.1978,0.2321977
0.3061942,0.521513,0.6021603,351.9585,352.2044,0.2302545
0.3061735,0.521458,0.6021457,351.9657,352.1943,0.2542456
0.3061926,0.5214247,0.6021125,351.9619,352.196,0.2437202
0.3062241,0.5214229,0.6022098,351.9584,352.2061,0.2441642
0.3062432,0.521418,0.6022404,351.9573,352.1978,0.2528301
0.3062396,0.5214295,0.602237,351.9549,352.2031,0.2450188
0.3062442,0.5214251,0.60223,351.9526,352.2048,0.2491662
0.3062156,0.5213894,0.6022251,351.9608,352.1993,0.2516463
0.3061826,0.5214649,0.6022425,351.963,352.2071,0.2563388
0.306246,0.5215,0.6021947,351.9589,352.2005,0.2444207
0.3062001,0.5214552,0.6021725,351.9583,352.1955,0.2627307
0.3061685,0.521498,0.6021656,351.9476,352.2061,0.2578341
0.3061192,0.5214511,0.6022272,351.9534,352.2077,0.2664765
0.3061259,0.5215071,0.6022046,351.9684,352.1986,0.2678928
0.3060808,0.5214268,0.6021742,351.9489,352.2051,0.2705968
0.3061113,0.5214562,0.6021984,351.9528,352.2023,0.2702481
0.3060961,0.5214329,0.6021914,351.9554,352.2124,0.2693912
0.3061504,0.5214764,0.6021129,351.9545,352.2124,0.2638558
0.3061417,0.5214733,0.6021106,351.9552,352.2084,0.2757807
0.3061767,0.5213832,0.6020808,351.9417,352.1935,0.2568975
0.306104,0.5213401,0.6021255,351.9556,352.2096,0.2698528
0.3060597,0.5214053,0.6021408,351.9521,352.2318,0.2638569
0.3061778,0.5214847,0.6021072,351.9582,352.1969,0.2763484
0.3061211,0.5214759,0.6021451,351.9601,352.1931,0.2728136
0.3061695,0.5215067,0.602217,351.9539,352.195,0.2742744
0.3061512,0.521472,0.602242,351.9608,352.2107,0.2717779
0.3061449,0.5214713,0.6022348,351.9615,352.2129,0.2725988
0.3061478,0.5214511,0.6022786,351.9447,352.2253,0.267033
0.3062031,0.5213885,0.602302,351.9645,352.2073,0.2783331
0.3060077,0.5212106,0.6024121,351.9737,352.1996,0.2796067
0.3059854,0.5212144,0.602442,351.9872,352.2049,0.290481
0.3060372,0.5212365,0.6022469,351.9583,352.2104,0.2868416
0.3060988,0.5213444,0.6021349,351.9647,352.202,0.2840718
0.306076,0.5213403,0.6021308,351.965,352.1978,0.28225
0.3061521,0.5213877,0.6020863,351.9525,352.2059,0.2871847
0.3061063,0.5214022,0.602093,351.9609,352.2061,0.2790364
0.3061791,0.5215019,0.602202,351.9588,352.2113,0.2798366
0.3062091,0.5215358,0.6021634,351.9616,352.2153,0.2786464
0.3061748,0.5215131,0.6021602,351.9645,352.2181,0.2847398
0.3062342,0.5215529,0.6021206,351.9602,352.2093,0.2773118
0.3062351,0.5215552,0.6021176,351.9622,352.2172,0.2758667
0.3061614,0.521467,0.6021983,351.9572,352.2162,0.2852391
0.3061505,0.521497,0.6021936,351.9692,352.2256,0.2839354
0.3062937,0.5216367,0.6020336,351.9447,352.2376,0.2829413
0.3063367,0.5216516,0.6020658,351.9541,352.2372,0.2837564
0.3063137,0.5217023,0.6020584,351.9485,352.2479,0.281888
0.3062241,0.5216402,0.6021795,351.9557,352.244,0.2926522
0.3062246,0.521605,0.602172,351.9609,352.2525,0.3002319
0.3063141,0.5215174,0.6022149,351.9525,352.2492,0.2895463
0.3061988,0.5214299,0.6022353,351.9749,352.2482,0.3124929
0.3060164,0.5212283,0.6025141,352.0145,352.2372,0.3251588
0.3059058,0.5211722,0.6024629,351.9969,352.2542,0.3257284
0.3059262,0.5211923,0.6024492,351.9981,352.2498,0.3260558
0.3059418,0.5211924,0.602506,352.0073,352.2415,0.3354344
0.3059143,0.521198,0.6025112,351.9994,352.2527,0.3313945
0.3060374,0.521332,0.6023082,351.9962,352.2545,0.3151253
0.3061132,0.5213963,0.6022228,351.9918,352.2503,0.3271318
0.3061861,0.5214815,0.6022999,351.9984,352.2528,0.3293916
0.3060912,0.5213948,0.6022855,351.9943,352.2618,0.3282371
0.3059652,0.521204,0.6025011,352.0261,352.2574,0.3526954
0.3059437,0.5212107,0.6025562,352.0135,352.2581,0.3617392
0.3060743,0.521302,0.6023544,352.0129,352.2602,0.3612479
0.3060535,0.5213633,0.6023526,352.0283,352.2663,0.3617674
0.3061742,0.5214849,0.6022228,352.026,352.2625,0.3524357
0.3060725,0.5214327,0.6021802,351.9989,352.3266,0.350333
0.3060483,0.5214899,0.602082,351.9982,352.379,0.3668255
0.3060706,0.5215393,0.6020648,352.0054,352.3861,0.377911
0.3061274,0.5215735,0.602055,351.9934,352.3315,0.3639095
0.3061134,0.5215735,0.6021243,352.0004,352.3659,0.3527387
0.3060017,0.5215784,0.6020702,351.9921,352.4358,0.3682279
0.3059319,0.5215,0.6020973,352.0019,352.4534,0.3700698
0.3059267,0.5213903,0.60217,351.9973,352.4411,0.368321
0.3059142,0.521413,0.6021585,352.0133,352.4444,0.3776545
0.3059101,0.5213939,0.6021485,352.0034,352.4361,0.3795819
0.3058136,0.5213796,0.6022123,352.0081,352.4354,0.373537
0.3058634,0.5213692,0.6022978,352.0095,352.4378,0.3931089
0.3058217,0.5213385,0.6022783,352.0037,352.4362,0.396267
0.3058776,0.5212847,0.6022422,351.9999,352.4243,0.3980353
0.3059495,0.5213131,0.6022535,351.9962,352.4303,0.3882097
0.3059404,0.5212969,0.6022767,351.9948,352.4394,0.3840909
0.3059723,0.5213032,0.6022256,351.9968,352.436,0.3783194
0.3058937,0.5213325,0.6021993,351.9974,352.4473,0.3818971
0.305912,0.521323,0.6022226,351.9865,352.4367,0.3871374
0.3058311,0.5212882,0.6022755,351.9888,352.4427,0.3833764
0.3058518,0.5213145,0.6023216,351.9845,352.4355,0.384256
0.3058197,0.5212647,0.6023017,351.9982,352.4352,0.3934444
0.3057791,0.5212716,0.6023097,351.9964,352.4467,0.3914323
0.3058333,0.5213279,0.6022712,351.9918,352.4352,0.3940619
0.3058014,0.5213263,0.6022854,351.9896,352.4414,0.3887041
0.3058052,0.5212916,0.6022925,351.9949,352.4442,0.3877382
0.3058662,0.5213721,0.6022182,351.9884,352.4417,0.3830957
0.3059291,0.5213079,0.6022408,351.9804,352.425,0.3680113
0.3058756,0.5213112,0.6022769,351.9979,352.4443,0.3757203
0.3057089,0.5210606,0.6025854,352.0266,352.4374,0.4031022
0.3056855,0.5210427,0.6026193,352.0193,352.4393,0.3932481
0.3056171,0.5209845,0.6026046,352.0123,352.4429,0.4094906
0.3056755,0.5210617,0.6025522,352.03,352.4413,0.4171032
0.3056337,0.5210682,0.6026034,352.041,352.451,0.4153663
0.3057174,0.521111,0.6024746,352.0252,352.4416,0.4254021
0.3056929,0.5210167,0.6024822,352.0176,352.4543,0.41443
0.3058005,0.5211437,0.6023419,352.0264,352.4548,0.4160334
0.3057862,0.5211232,0.6023563,352.0144,352.462,0.4247822
0.3057806,0.5211377,0.6023786,352.017,352.4549,0.4319694
0.3058309,0.5212067,0.6023141,352.0266,352.4618,0.4301208
0.3058077,0.5212167,0.6023189,352.037,352.468,0.4274124
0.3057881,0.5211688,0.6023778,352.0457,352.4747,0.441824
0.3058471,0.5212432,0.6024855,352.0665,352.4635,0.4510437
0.3058464,0.5212526,0.6024734,352.0503,352.4714,0.4451065
0.3057186,0.5213195,0.6023207,352.0629,352.572,0.4605404
0.3057267,0.5212157,0.6023029,352.056,352.5653,0.4583818
0.3058347,0.5212778,0.6022196,352.05,352.5311,0.4524167
0.3058258,0.5213118,0.6022323,352.0474,352.5314,0.4589467
0.3058237,0.5213336,0.6022289,352.0523,352.5318,0.453828
0.3058423,0.5213346,0.6022534,352.0493,352.5245,0.4594693
0.3058462,0.5213645,0.6022581,352.0509,352.5215,0.4521502
0.3058926,0.5214218,0.6021921,352.0445,352.5264,0.4540848
0.3058831,0.5214399,0.6021862,352.0547,352.5347,0.4546444
0.3058789,0.5214266,0.6022124,352.0481,352.5305,0.4590147
0.3059412,0.5213876,0.6022708,352.039,352.532,0.439797
0.3058792,0.5213773,0.6021917,352.0422,352.5349,0.4548382
0.3059083,0.5213994,0.6021606,352.0437,352.5331,0.4451656
0.305883,0.5214117,0.6021785,352.0612,352.5425,0.4409876
0.3058445,0.5213719,0.6021819,352.0499,352.5455,0.4537252
0.3058631,0.5213633,0.6021475,352.0463,352.5412,0.4431962
0.3058399,0.5213424,0.6021715,352.0435,352.5477,0.4512853
0.3058224,0.5213899,0.6021776,352.0469,352.5461,0.4476205
0.3058525,0.5214372,0.6021407,352.0443,352.5477,0.4455267
0.3058912,0.521455,0.6021867,352.046,352.5459,0.4418764
0.3059115,0.5214908,0.6021839,352.0501,352.5436,0.4488555
0.3059373,0.5215182,0.6022247,352.04,352.5396,0.4395948
0.3059153,0.5215402,0.6022255,352.0474,352.5493,0.4517279
0.3059316,0.5215347,0.602245,352.0457,352.5443,0.4531521
0.3059815,0.5215356,0.6022758,352.0609,352.5415,0.4495976
0.30599,0.5215153,0.6023347,352.0461,352.5508,0.4486953
0.3059851,0.5214938,0.6023206,352.0401,352.542,0.4434926
0.3060129,0.5213915,0.6023594,352.0485,352.5502,0.4368548
0.3059139,0.521362,0.6023002,352.0448,352.5493,0.4498935
0.3059396,0.5213905,0.6022805,352.0508,352.5479,0.440573
0.305897,0.5213532,0.6022512,352.0478,352.5437,0.4459723
0.3058511,0.5213671,0.6022561,352.0381,352.5643,0.4445227
0.3058979,0.5214095,0.6022205,352.0442,352.5539,0.4391936
0.3058914,0.5213913,0.6022288,352.0428,352.5597,0.4325821
0.3058948,0.5213718,0.6022133,352.0453,352.5558,0.441058
0.3058993,0.5213859,0.6021631,352.0503,352.5599,0.4343464
0.3059345,0.5213934,0.6022112,352.0453,352.561,0.4372769
0.3059449,0.5213577,0.6021911,352.0417,352.5574,0.4455559
0.3059161,0.5213239,0.602186,352.0362,352.5664,0.4453195
0.3059192,0.5212939,0.6021971,352.0264,352.5617,0.4572648
0.3058625,0.5213547,0.6022379,352.031,352.5627,0.4563253
0.3058932,0.5213536,0.6023016,352.0262,352.5573,0.4487488
0.305866,0.5214025,0.6023319,352.0462,352.5565,0.4422867
0.3058573,0.5213739,0.6023336,352.0328,352.5631,0.4483638
0.305851,0.5213712,0.6023247,352.0287,352.5663,0.4524698
0.3058137,0.5213304,0.6023136,352.0232,352.563,0.4614953
0.3057909,0.5213229,0.6023022,352.0281,352.5693,0.4461127
0.3058079,0.5213461,0.6022488,352.0222,352.5669,0.4480945
0.3058353,0.521355,0.6022824,352.0217,352.5671,0.4584483
0.3058317,0.5213435,0.6022754,352.0266,352.5745,0.4512708
0.3058861,0.5214113,0.6021969,352.0259,352.5719,0.449684
0.3059053,0.5213952,0.6022327,352.0149,352.5665,0.4483828
0.3059037,0.5213873,0.6022263,352.0172,352.5745,0.4530999
0.3058835,0.5213559,0.6022493,352.0175,352.5686,0.4545244
0.3058631,0.5213423,0.602241,352.0108,352.5776,0.4647824
0.3058836,0.5213356,0.6022365,352.0222,352.5694,0.457852
0.3058702,0.5213095,0.6022469,352.014,352.5684,0.4453762
0.305846,0.5212958,0.6022368,352.0074,352.5732,0.4586917
0.3058721,0.5212905,0.6022314,352.0091,352.5666,0.4566434
0.3058864,0.5213025,0.6022313,352.0122,352.5794,0.447639
0.3058824,0.5213138,0.6022462,352.0081,352.5692,0.4612521
0.3058989,0.5213014,0.6022617,352.0005,352.5557,0.4593879
0.3058513,0.5213445,0.6022571,352,352.5655,0.4572339
0.3058597,0.5213686,0.6022397,352.0043,352.5655,0.4529677
0.3058376,0.521356,0.6022429,352.0022,352.5706,0.4644273
0.3058584,0.5213022,0.6022365,351.994,352.5656,0.459056
0.3058749,0.5213197,0.6022311,351.9958,352.5607,0.464812
0.3058856,0.5213294,0.6022868,351.9931,352.5714,0.4587777
0.305891,0.521284,0.6022806,351.9838,352.5696,0.4646012
0.3059179,0.5213446,0.6022474,351.997,352.569,0.4592468
0.3059104,0.5213436,0.6022512,351.9975,352.5647,0.4578702
0.3059011,0.521369,0.6022568,351.9871,352.561,0.460089
0.305865,0.5213746,0.6022741,351.9965,352.5652,0.4565358
0.3058336,0.5213482,0.6022691,351.9918,352.562,0.4571755
0.3058118,0.5213829,0.6022588,351.9917,352.5643,0.4633892
0.3058127,0.5214171,0.6022199,351.988,352.571,0.4582599
0.3058693,0.5214432,0.6022748,351.9869,352.5677,0.4547824
0.3058586,0.5214447,0.6022727,351.9845,352.574,0.4588759
0.305858,0.5214646,0.6022553,351.9803,352.5681,0.4527761
0.3058229,0.5214711,0.6022373,351.989,352.5756,0.4625505
0.3058548,0.5214642,0.6022024,351.9831,352.5683,0.4628111
0.3058407,0.5214725,0.6021922,351.9857,352.5711,0.4561265
0.3058775,0.5214934,0.6022408,351.9851,352.5738,0.4583341
0.3059029,0.5214195,0.6022173,351.9786,352.5731,0.4457494
0.305902,0.521421,0.602212,351.9785,352.5691,0.4543676
0.3058622,0.5214039,0.6022004,351.9666,352.578,0.4502073
0.3058691,0.5213923,0.6021898,351.9778,352.5738,0.4467429
0.3058539,0.5213814,0.6021903,351.9728,352.5734,0.4533519
0.3058409,0.5213768,0.6021982,351.9711,352.5739,0.4523449
0.3058386,0.521428,0.6021678,351.974,352.5811,0.4458966
0.3058302,0.5214313,0.6022375,351.9651,352.584,0.4530079
0.3058803,0.5214543,0.6022002,351.9659,352.57,0.4552825
0.3059164,0.5214089,0.6021627,351.9581,352.5668,0.4506031
0.3059009,0.52141,0.6021687,351.967,352.576,0.4569653
0.3059141,0.5214475,0.6021368,351.974,352.5769,0.4515142
0.3059182,0.521455,0.6021242,351.9725,352.5703,0.451037
0.3059085,0.5214342,0.6021215,351.9546,352.5731,0.4645721
0.3058953,0.5214615,0.6021011,351.9658,352.5775,0.4575968
0.305881,0.521462,0.6020881,351.9701,352.5823,0.4581523
0.3059472,0.5214626,0.6021304,351.957,352.573,0.4577683
0.3059442,0.5214742,0.6021382,351.963,352.5754,0.4505841
0.305947,0.521471,0.6021329,351.9567,352.5765,0.4599867
0.3059235,0.5214659,0.6021287,351.9484,352.5898,0.4755569
0.305955,0.5214612,0.6021428,351.9547,352.5872,0.446049
0.3059581,0.521436,0.6021249,351.9501,352.588,0.4630466
0.3059664,0.5214404,0.6021299,351.9564,352.5982,0.4575419
0.3060033,0.5214406,0.6021491,351.9541,352.5959,0.460019
0.3059738,0.5214345,0.6021965,351.9551,352.59,0.4700063
0.3059866,0.5214442,0.6021984,351.9613,352.5886,0.4578508
0.3059715,0.5214446,0.6021861,351.9675,352.5899,0.4794734
0.3059598,0.5214188,0.6022241,351.9561,352.5863,0.462862
0.3059149,0.5214032,0.6022359,351.9538,352.5983,0.4641879
0.3059239,0.521404,0.6022401,351.9575,352.5874,0.4712838
0.3059515,0.5213773,0.6023113,351.9654,352.5945,0.4646904
0.3059036,0.5213485,0.6022753,351.9552,352.5848,0.4765728
0.3059092,0.5213628,0.6022571,351.9471,352.5897,0.4729571
0.3059003,0.5213777,0.6022542,351.9532,352.5966,0.4657025
0.3059416,0.5213785,0.6022964,351.9465,352.5947,0.4765263
0.3059739,0.5214338,0.60224,351.9458,352.5998,0.4709122
0.3060004,0.5213227,0.6021742,351.9414,352.6014,0.4749371
0.3059765,0.5212886,0.6022073,351.9476,352.6028,0.4775182
0.3059989,0.5213363,0.6021657,351.9449,352.6009,0.4703614
0.3060083,0.5214504,0.6022012,351.9409,352.5957,0.4704497
0.3059764,0.5214516,0.6022143,351.9463,352.6057,0.4719108
0.305975,0.5215083,0.6021513,351.9404,352.6038,0.4712641
0.3059736,0.5215146,0.6021636,351.9368,352.6014,0.478233
0.3060053,0.5214273,0.6022455,351.934,352.5951,0.4761564
0.3059641,0.5213833,0.6022068,351.932,352.5985,0.4742953
0.3059317,0.5213593,0.6022261,351.928,352.6057,0.4730524
0.3059986,0.5213217,0.6022061,351.9325,352.6,0.4639512
0.3059483,0.5214306,0.602238,351.9323,352.598,0.4724586
0.305905,0.5213819,0.6022667,351.9241,352.6059,0.4697572
0.3058761,0.5213511,0.6022356,351.9236,352.6079,0.4721312
0.3058475,0.5213845,0.6022538,351.9293,352.6099,0.4668862
0.3058427,0.521378,0.6022381,351.925,352.6181,0.4687708
0.3059246,0.5213633,0.602194,351.9105,352.611,0.4554603
0.3059434,0.5213016,0.602149,351.9215,352.6057,0.4693238
0.305912,0.521242,0.6021621,351.9078,352.6109,0.476025
0.3059469,0.5212483,0.6021833,351.923,352.6041,0.4774001
0.3059832,0.5212385,0.6022068,351.9308,352.6142,0.4610796
0.3059866,0.5212141,0.6022371,351.9268,352.6065,0.4722213
0.3059902,0.5212479,0.6022204,351.9167,352.6042,0.4701863
0.3059959,0.521248,0.6022109,351.9228,352.6017,0.4748378
0.3059672,0.5213024,0.6022211,351.9142,352.6046,0.4679742
0.3059921,0.5213223,0.6022208,351.9206,352.5951,0.4609486
0.3059687,0.5213299,0.6022334,351.9218,352.5991,0.467519
0.3059064,0.5214052,0.6022103,351.9266,352.6039,0.4707244
0.3059127,0.5214063,0.6022011,351.9149,352.6014,0.4798093
0.3059658,0.5214391,0.6022804,351.9104,352.6028,0.4714897
0.3059662,0.5214595,0.6022923,351.9062,352.6019,0.4679763
0.3059837,0.5215111,0.6022887,351.9174,352.5991,0.4645602
0.3060054,0.5215089,0.6023123,351.9124,352.5767,0.4754338
0.3061095,0.5214584,0.6023055,351.9088,352.5139,0.4631694
0.3060989,0.521384,0.6024036,351.9238,352.4692,0.4771351
0.3060104,0.5213825,0.6023777,351.9406,352.4846,0.4863077
0.306091,0.5214815,0.6021625,351.905,352.5393,0.4874326
0.306116,0.5215259,0.6021584,351.9118,352.5286,0.4872131
0.3060837,0.5215527,0.6021261,351.9059,352.5502,0.4711181
0.3059155,0.5214689,0.6023206,351.9015,352.5628,0.4847109
0.3059973,0.5213643,0.6023714,351.8885,352.5496,0.4760878
0.3059043,0.5213073,0.602392,351.8806,352.5503,0.4855601
0.3057389,0.5209703,0.6026121,351.9666,352.519,0.5122183
0.3056532,0.5209185,0.6026158,351.9645,352.5269,0.5171992
0.3056373,0.5208461,0.6026305,351.967,352.5274,0.515341
0.3057001,0.5208388,0.6026431,351.9988,352.4954,0.5254239
0.3057356,0.5208563,0.6025505,352.0189,352.4893,0.5319215
0.30567,0.5208307,0.6026173,352.0244,352.5248,0.5395938
0.3056777,0.520886,0.6024997,352.0474,352.5712,0.5424888
0.3056226,0.5208879,0.6025019,352.0416,352.5898,0.5548081
0.3056713,0.5208977,0.6024408,352.0554,352.5804,0.5394289
0.3056767,0.5208941,0.6024724,352.071,352.5718,0.5515866
0.3057066,0.5208958,0.602476,352.0681,352.5594,0.5479423
0.305749,0.5209008,0.6024381,352.0776,352.543,0.5502748
0.3056921,0.5208617,0.6024259,352.0748,352.5508,0.5586226
0.3056176,0.5208455,0.6024556,352.0993,352.5621,0.5601842
0.3055714,0.5208532,0.6024623,352.1039,352.5758,0.5644671
0.3055382,0.5207993,0.6025066,352.118,352.5533,0.5617082
0.305645,0.5208843,0.6023681,352.1069,352.5565,0.5598257
0.3056876,0.5208972,0.6024103,352.1071,352.5488,0.5605252
0.3056603,0.5209283,0.6024234,352.0966,352.5546,0.5658683
0.3057349,0.5210167,0.6023389,352.0966,352.5565,0.5626257
0.3056835,0.5210003,0.6023213,352.0997,352.5708,0.5638331
0.3055903,0.5210412,0.602289,352.0908,352.6308,0.5678094
0.3056332,0.5210339,0.6022649,352.0989,352.6115,0.5521849
0.3056329,0.5209788,0.6023422,352.1106,352.5964,0.5476276
0.3057364,0.5210551,0.6022329,352.091,352.5959,0.552759
0.3057833,0.5210528,0.6022792,352.0957,352.6046,0.5504801
0.3057252,0.5210685,0.6022552,352.0913,352.6127,0.5544407
0.3056654,0.5210232,0.6022627,352.073,352.6632,0.5357311
0.3057128,0.521085,0.602347,352.099,352.6005,0.5489626
0.3058449,0.5212084,0.6021739,352.0749,352.6281,0.5278294
0.3058798,0.5213754,0.6020577,352.0587,352.6424,0.5260591
0.3059194,0.5214158,0.602079,352.0701,352.6376,0.5290388
0.3059416,0.5214642,0.6020724,352.0659,352.6164,0.5191169
0.3059895,0.5215102,0.6019944,352.0481,352.6121,0.5240875
0.3059627,0.5215073,0.601987,352.0444,352.6309,0.5170432
0.3059608,0.5215572,0.6019707,352.0451,352.6339,0.5278021
0.3059874,0.5215758,0.6019673,352.041,352.622,0.5307068
0.3059844,0.5215917,0.6019784,352.0428,352.6218,0.5276344
0.3059746,0.5216305,0.6019626,352.0306,352.6301,0.5221728
0.3059412,0.5216206,0.6020092,352.0356,352.6257,0.5167549
0.3059786,0.5216634,0.60206,352.0414,352.6342,0.5205263
0.3060253,0.5215611,0.6020352,352.0198,352.643,0.5055595
0.3057882,0.5213457,0.602358,352.0634,352.6307,0.5263482
0.3057267,0.5213034,0.6023377,352.0605,352.6193,0.5310423
0.3057292,0.5212471,0.6023489,352.0534,352.616,0.5222601
0.3058787,0.5214205,0.6021044,352.0316,352.6367,0.5176612
0.305917,0.5214385,0.6021274,352.0339,352.6268,0.5185426
0.3058781,0.5215135,0.6021247,352.0446,352.6391,0.5187905
0.3059345,0.5215515,0.6020693,352.0222,352.6422,0.5134685
0.3059548,0.521555,0.6020716,352.0209,352.6298,0.5050664
0.3059504,0.5215526,0.6020583,352.0189,352.633,0.5098117
0.3059726,0.5215924,0.6020244,352.0143,352.6421,0.5007087
0.3059774,0.5216091,0.6020241,352.0111,352.6411,0.5118693
0.3059729,0.521625,0.602035,352.0151,352.6343,0.5046656
0.3059564,0.521613,0.6020311,352.0086,352.631,0.4925337
0.305939,0.5215898,0.6020219,351.9898,352.6293,0.5070474
0.3059836,0.5216212,0.6019801,351.9972,352.6315,0.4871052
0.3061245,0.5216883,0.6020633,352.0149,352.615,0.4561547
0.3068269,0.5218097,0.601948,351.8708,352.346,0.2968229
0.308508,0.5225412,0.6022702,352.4277,352.2442,359.6753
0.3093598,0.5220639,0.6023086,352.2759,352.6561,359.8794
0.3092184,0.5218801,0.6022019,352.2199,352.9035,0.2569634
0.3085549,0.5210456,0.6023205,351.7606,353.394,0.7243993
0.3076371,0.5208868,0.6019775,351.4833,354.0215,0.8254449
0.3070627,0.5209125,0.6014965,351.8266,354.6113,0.8179405
0.3065086,0.5210392,0.6016942,351.9667,354.9644,0.4619259
0.3058702,0.520751,0.6014411,352.0336,355.8099,0.6381691
0.3064214,0.5213122,0.6013442,352.237,355.9484,0.3755507
0.306476,0.5215265,0.6014369,352.3919,356.3033,0.2618903
0.3065431,0.5217634,0.6013268,352.4479,356.8155,0.1152132
0.3063281,0.5218677,0.6015488,352.4985,357.5308,0.1495614
0.30538,0.5221295,0.6019677,352.5542,359.9114,0.1709136
0.304411,0.5220796,0.6022841,352.441,2.029628,0.3377671
0.3037311,0.5216443,0.6024964,352.1537,3.924227,0.7007979
0.3034139,0.5208586,0.6025301,351.6078,5.404952,1.300891
0.3037688,0.5210891,0.6016276,351.7163,6.325525,1.365665
0.3044738,0.5213308,0.6008658,351.8003,6.786458,1.195097
0.3049267,0.5216821,0.6001748,351.913,7.123016,1.063364
0.3054749,0.5217219,0.5997925,351.8685,6.887987,1.130291
0.3057039,0.5217656,0.5995559,351.856,6.507789,1.078958
0.3057,0.5218922,0.599842,351.886,6.044141,1.080066
0.3061963,0.522061,0.6000917,351.898,5.825902,1.058598
0.3067067,0.5219915,0.600112,351.8727,5.442175,1.049304
0.3071563,0.5219554,0.6001502,351.9031,5.112063,1.012886
0.3073058,0.5219836,0.6000749,351.8835,4.943474,1.023602
0.3072304,0.521934,0.6001009,351.8545,4.994644,1.023007
0.3070032,0.5218738,0.6002922,351.9247,5.109348,1.040608
0.3068197,0.5218078,0.6002324,351.8541,5.175266,1.059373
0.3068296,0.5218135,0.6001738,351.8212,5.164324,1.047232
0.3068243,0.5217282,0.6002688,351.8555,5.16396,1.030033
0.3067938,0.5216948,0.6002452,351.8465,5.165008,1.033866
0.3068419,0.5217434,0.6002043,351.8131,5.171391,1.035083
0.3066583,0.5215802,0.6004454,351.8206,5.182092,1.03546
0.3065903,0.5214694,0.6004769,351.8228,5.186985,1.039185
0.3065253,0.5214367,0.6004756,351.8127,5.18141,1.058111
0.306478,0.5213656,0.600508,351.8065,5.190037,1.053463
0.3064771,0.5212712,0.6005366,351.8181,5.189515,1.05512
0.3064932,0.5212691,0.6006635,351.8093,5.20982,1.049361
0.3064599,0.5211923,0.6007221,351.801,5.20112,1.054815
0.3067398,0.5214928,0.6003796,351.7906,5.210533,1.040404
0.3067973,0.5214726,0.6004556,351.7816,5.216034,1.05274
0.3069059,0.5214774,0.6003581,351.7776,5.197302,1.056635
0.3070767,0.5217004,0.6000271,351.7917,5.176126,1.043969
0.3070821,0.5216837,0.5999675,351.7921,5.176601,1.053692
0.3068333,0.5216007,0.600226,351.7849,5.169989,1.050672
0.3066901,0.5215576,0.6002967,351.7904,5.176632,1.050696
0.3066474,0.5215467,0.6003104,351.7834,5.1845,1.058444
0.3066651,0.5214021,0.6002847,351.7754,5.181311,1.042486
0.3068367,0.5215592,0.6003277,351.7729,5.163933,1.047408
0.306818,0.5215731,0.6003642,351.7674,5.194035,1.049919
0.3068506,0.5214537,0.6003616,351.7708,5.174125,1.032372
0.3068233,0.5214243,0.60034,351.7607,5.178221,1.039095
0.3067895,0.5214836,0.6003928,351.762,5.190976,1.038851
0.3068027,0.5214889,0.6003644,351.7471,5.187039,1.035742
0.3067708,0.5215026,0.6004032,351.7446,5.171466,1.035425
0.3067181,0.5213796,0.6003603,351.7372,5.194838,1.037986
0.3067429,0.5213916,0.6002851,351.7345,5.188932,1.037084
0.306734,0.521333,0.6002454,351.7275,5.188414,1.025555
0.3067369,0.5213817,0.6002685,351.7281,5.197451,1.036512
0.3067088,0.5213852,0.6002625,351.7358,5.196559,1.023035
0.3066581,0.5213025,0.6002824,351.7202,5.188697,1.032031
0.3066935,0.5213099,0.6002948,351.7226,5.193091,1.035244
0.3067892,0.5213488,0.6003895,351.713,5.201052,1.031918
0.3068124,0.5214043,0.6003847,351.7188,5.185902,1.024802
0.3067293,0.5214245,0.6003529,351.7146,5.196897,1.032674
0.3066887,0.5213805,0.6003388,351.7054,5.204609,1.022851
0.3066571,0.5213443,0.6003191,351.705,5.197633,1.019204
0.3066862,0.5212544,0.6003124,351.7057,5.203145,1.032408
0.3066818,0.5212678,0.6002887,351.7162,5.193401,1.020877
0.3066738,0.5213668,0.6002122,351.7038,5.190327,1.009947
0.306708,0.5213739,0.6001991,351.6954,5.201127,1.014673
0.3067772,0.5213993,0.6003273,351.6956,5.21849,1.006311
0.3068312,0.5215585,0.6002421,351.6972,5.196391,1.005796
0.3068807,0.5216442,0.6002806,351.6983,5.209014,1.007133
0.3067891,0.5215777,0.6002972,351.6929,5.201802,1.002973
0.3067555,0.5215241,0.6002975,351.6776,5.192731,1.010531
0.3068561,0.5214354,0.600323,351.6887,5.199977,1.013266
0.3068195,0.5214026,0.6003522,351.6817,5.21065,1.008116
0.3067921,0.5214739,0.6003788,351.6843,5.194847,1.000085
0.3067725,0.5214484,0.6003724,351.6861,5.198771,1.009561
0.3068228,0.5214428,0.6004652,351.6768,5.203486,1.012824
0.3069005,0.5213072,0.6004217,351.6791,5.194281,1.005432
0.3067927,0.52126,0.6003057,351.6765,5.204574,1.008673
0.3067535,0.5211961,0.6003197,351.6764,5.198437,1.005941
0.306655,0.5212892,0.6003311,351.6789,5.197936,1.01311
0.3066782,0.5213562,0.6003996,351.6697,5.212439,1.00388
0.306722,0.5213755,0.600399,351.6768,5.195911,1.01191
0.3067169,0.5212615,0.6003877,351.6611,5.20287,1.008352
0.3067435,0.5212947,0.6004609,351.6604,5.213614,1.0138
0.3067243,0.5213046,0.6004442,351.6696,5.200011,1.01517
0.306701,0.5213299,0.6004319,351.6639,5.202554,1.00806
0.3067142,0.5214092,0.600467,351.6607,5.217255,1.000684
0.3067783,0.5214528,0.6004823,351.6582,5.209946,1.002709
0.3068384,0.5213343,0.600424,351.6394,5.19546,0.998452
0.3068439,0.5213426,0.6004046,351.6422,5.199089,1.016975
0.3067772,0.5213392,0.6003718,351.6328,5.21638,1.020131
0.3067452,0.5213832,0.6003375,351.6349,5.211893,1.010023
0.3067296,0.5214673,0.600322,351.6237,5.205999,1.014992
0.3067693,0.5214981,0.6003373,351.6188,5.213975,1.014354
0.30677,0.5214832,0.6003017,351.6196,5.21753,1.008296
0.3068222,0.5214958,0.600315,351.611,5.210269,1.010482
0.3069195,0.5215588,0.6003617,351.6054,5.210324,1.015488
0.3068556,0.5216359,0.6004381,351.6235,5.220377,1.021979
0.306856,0.5216843,0.6004287,351.6109,5.217032,1.021254
0.3069058,0.5217035,0.6004353,351.5997,5.218207,1.017307
0.3069068,0.5217237,0.6004392,351.6025,5.224681,1.028394
0.3068437,0.5216924,0.6003168,351.61,5.222253,1.021293
0.3068675,0.5217192,0.6002921,351.587,5.225663,1.027148
0.3068552,0.5214982,0.6003268,351.5843,5.225307,1.02194
0.3068497,0.5215638,0.6003462,351.5992,5.227713,1.01918
0.3068634,0.5215844,0.6003222,351.5927,5.21906,1.030902
0.3067413,0.5214902,0.6003724,351.5741,5.236252,1.024323
0.3067901,0.5214102,0.6003894,351.569,5.218238,1.020938
0.3068663,0.5213245,0.6004214,351.5708,5.233281,1.034551
0.3068169,0.5212868,0.6004465,351.5873,5.226572,1.024695
0.3067598,0.521228,0.6004471,351.5732,5.238288,1.025449
0.3067433,0.5212592,0.6004402,351.5902,5.24195,1.027972
0.3067155,0.5212151,0.6004579,351.5808,5.239055,1.027172
0.3067345,0.5212935,0.6004521,351.5739,5.233919,1.034078
0.3067204,0.5213636,0.6004401,351.5851,5.245978,1.025296
0.3067931,0.5214224,0.6003377,351.5844,5.235789,1.013653
0.3067741,0.5213823,0.6003799,351.5795,5.247583,1.009893
0.3068347,0.5214391,0.6004066,351.5667,5.257713,1.015534
0.3068919,0.521376,0.600315,351.5601,5.239718,1.005067
0.3068692,0.5215566,0.6004069,351.5884,5.295713,0.9901873
0.3068596,0.5215683,0.6002917,351.5748,5.241446,1.012485
0.3068022,0.5215601,0.6002835,351.5865,5.242216,1.011316
0.3067952,0.5216299,0.6002299,351.5804,5.248967,1.013235
0.3068804,0.5216062,0.6002482,351.5762,5.255341,1.007801
0.3067658,0.5215185,0.6003644,351.587,5.26116,1.024213
0.3067211,0.5213984,0.6003418,351.5848,5.246912,1.015841
0.3067227,0.5213978,0.6003386,351.565,5.269647,1.003035
0.306728,0.5214872,0.6003505,351.6067,5.266885,0.991874
0.306802,0.5213326,0.600418,351.6019,5.245558,1.008959
0.3068352,0.5213481,0.6004958,351.5917,5.273169,1.009126
0.3068691,0.5213344,0.6004689,351.5789,5.265582,1.015776
0.3068396,0.5213915,0.6003844,351.5941,5.269663,1.011824
0.3068413,0.5214605,0.6003538,351.5782,5.259666,1.007834
0.3068622,0.5214577,0.6003214,351.5779,5.249851,1.000451
0.3068267,0.521502,0.6003398,351.5799,5.27504,0.9905166
0.3068985,0.5214878,0.6003791,351.5911,5.27985,0.998465
0.3068696,0.5214578,0.6003697,351.5791,5.277696,1.007702
0.3067987,0.5215067,0.6004076,351.5658,5.27621,1.001982
0.3067875,0.5215005,0.6004002,351.5875,5.28623,1.003996
0.3067816,0.5214719,0.6003876,351.5693,5.288858,0.9999816
0.3067924,0.5216025,0.6003228,351.59,5.281954,1.004769
0.3068596,0.5216757,0.600403,351.585,5.292456,1.006173
0.3068817,0.5216053,0.6004547,351.577,5.2298,0.9911349
0.3068792,0.5215747,0.6004598,351.5944,5.212483,0.997113
0.3068528,0.5214396,0.6004536,351.5805,5.264431,0.9975417
0.306894,0.5214543,0.6004796,351.5852,5.26704,1.011067
0.3069226,0.5215608,0.6004461,351.5905,5.252256,1.007367
0.30694,0.5214726,0.6004148,351.573,5.252612,1.005978
0.3069091,0.5214202,0.6004393,351.5895,5.247245,1.008124
0.3069146,0.5214154,0.6004151,351.584,5.261978,0.9979668
0.3068384,0.5215185,0.6003798,351.5803,5.261015,1.008923
0.3069104,0.5215796,0.6003408,351.5781,5.266632,0.9976467
0.3069749,0.5215008,0.6002967,351.5755,5.249072,1.005483
0.3069508,0.5215493,0.6002806,351.5851,5.270429,1.008707
0.3068749,0.5214617,0.6003676,351.5822,5.255006,1.008222
0.30683,0.5214587,0.600413,351.5901,5.263603,1.001067
0.3068472,0.5214624,0.600436,351.583,5.266561,1.005075
0.3068579,0.5214393,0.6004021,351.5822,5.250936,1.009753
0.3068338,0.5213388,0.6003726,351.5804,5.261199,1.003657
0.3068037,0.5214354,0.6003656,351.573,5.26044,1.008689
0.3068848,0.5214886,0.6004234,351.5765,5.271464,1.009538
0.3068457,0.5215267,0.600443,351.5754,5.272377,1.002179
0.3068346,0.5215502,0.6004359,351.5769,5.278344,1.005406
0.3068181,0.5215431,0.6004472,351.5805,5.2749,1.008223
0.3068205,0.5214571,0.600457,351.5811,5.267539,1.010482
0.3067861,0.521464,0.6004926,351.5822,5.287962,1.003754
0.3067915,0.5214806,0.600447,351.5811,5.277128,1.012038
0.3068088,0.5215383,0.6003703,351.5795,5.276859,1.008816
0.306833,0.5215594,0.6004103,351.566,5.28283,0.9989233
0.30688,0.5216328,0.6003698,351.5829,5.286157,0.9899465
0.3068755,0.5215425,0.6003872,351.5775,5.280761,1.002646
0.3069202,0.5215247,0.6003838,351.5811,5.285776,1.00282
0.3069293,0.5214845,0.6005018,351.572,5.302239,1.000133
0.3069206,0.5215855,0.6005276,351.5689,5.284091,0.9892775
0.3069253,0.5216191,0.6005697,351.5657,5.29574,1.003094
0.3068317,0.5215799,0.6005436,351.5723,5.303621,1.005881
0.3068509,0.5215993,0.600543,351.5637,5.285604,0.9971402
0.3069695,0.5215492,0.6005911,351.5753,5.284919,0.9964254
0.3068208,0.5214791,0.6004782,351.5712,5.294976,1.003792
0.3068204,0.5213938,0.6004649,351.5578,5.292196,0.9980309
0.3067975,0.5213511,0.6004233,351.5645,5.305917,1.004651
0.3069037,0.5213634,0.6004958,351.5465,5.299535,1.003619
0.3068761,0.5215091,0.6004775,351.5523,5.296993,0.991812
0.3069166,0.5213954,0.6003979,351.5416,5.283524,1.008327
0.3069223,0.521423,0.6004074,351.5605,5.292834,0.9970623
0.3068666,0.5215313,0.6004373,351.5609,5.289517,0.9946802
0.3068198,0.5214609,0.600395,351.549,5.309485,0.9992662
0.3068517,0.5214547,0.6004428,351.5497,5.295764,1.011045
0.3068563,0.5214083,0.6004308,351.5537,5.297181,0.9937128
0.3067787,0.5215157,0.6003913,351.5397,5.290316,1.008626
0.3067196,0.5215561,0.6003893,351.5581,5.305848,0.9982951
0.3067392,0.5215123,0.600307,351.5458,5.294635,0.9981148
0.3067646,0.5216036,0.60035,351.5468,5.3006,0.9935303
0.3067937,0.5216478,0.6003796,351.5545,5.304818,0.9915965
0.3067864,0.5216341,0.6003892,351.5416,5.286271,0.9882932
0.3068444,0.5215487,0.6004834,351.5444,5.295622,0.9882404
0.3069345,0.5215793,0.6005567,351.5371,5.29283,0.9926709
0.3069689,0.5215527,0.6005695,351.5464,5.291657,0.9783106
0.3069377,0.5215046,0.6005213,351.5464,5.304198,0.9863754
0.3069113,0.5214779,0.6004815,351.5426,5.30693,0.993421
0.3068844,0.5215579,0.6005051,351.5316,5.300483,0.9815296
0.3068595,0.5214931,0.6004418,351.5431,5.305297,0.9848316
0.3069436,0.5215144,0.6004835,351.5294,5.309417,0.9799155
0.306941,0.5215539,0.6004412,351.5385,5.310175,0.9778674
0.306893,0.5216019,0.6004676,351.5363,5.305778,0.9853832
0.3069231,0.521641,0.6004909,351.5343,5.327922,0.9794593
0.3069453,0.5216751,0.6004782,351.5333,5.302623,0.9930547
0.3069648,0.5216841,0.6004339,351.5311,5.305758,0.9838589
0.3069047,0.5216705,0.6003752,351.5357,5.321287,0.9787817
0.3068504,0.5216514,0.6004472,351.5391,5.312746,0.9906933
0.3069482,0.5214986,0.6004889,351.5221,5.310292,0.993957
0.3069543,0.5215097,0.6004826,351.5284,5.321735,0.990613
0.3069107,0.5216012,0.6005466,351.5302,5.305732,0.9944215
0.3069387,0.5216788,0.6005934,351.5323,5.302548,0.9887936
0.3068273,0.5216352,0.6005102,351.5254,5.324125,0.9934686
0.3068505,0.5216244,0.6004974,351.5368,5.319833,0.9894767
0.3069005,0.5215755,0.6005081,351.5336,5.315713,0.9925429
0.3068706,0.5215321,0.6004596,351.519,5.320035,0.9828427
0.3068608,0.5215324,0.6004585,351.5215,5.314477,0.9937578
0.3068358,0.5215288,0.6004607,351.524,5.320797,0.9834498
0.3068305,0.5215635,0.6004423,351.5408,5.31602,0.9912449
0.3068154,0.5215459,0.6004382,351.523,5.329357,0.9862611
0.3068537,0.5215772,0.6004595,351.5306,5.316853,0.9850009
0.3067886,0.5216118,0.6004558,351.5212,5.330733,0.9927287
0.3067692,0.5216249,0.6004456,351.5273,5.322033,0.9796062
0.3068026,0.5216502,0.6004388,351.5371,5.324551,0.9858824
0.3068426,0.5215769,0.6004186,351.5335,5.335964,0.9836233
0.3068678,0.521593,0.6003792,351.523,5.327902,0.9890989
0.3068852,0.5216401,0.6004863,351.5232,5.328982,0.9810063
0.3069007,0.5215684,0.6004586,351.5261,5.335144,0.981205
0.3068869,0.5215473,0.600476,351.5378,5.322863,0.9858344
0.3068398,0.5215596,0.6004343,351.5313,5.335472,0.9813421
0.306868,0.5216928,0.6004678,351.534,5.294474,0.9964318
0.3067762,0.5215226,0.6004002,351.4881,5.360791,0.9837212
0.3069203,0.5215683,0.6004873,351.5408,5.342239,0.9872535
0.3069309,0.5217028,0.6005201,351.5321,5.316064,0.9996156
0.306918,0.5217655,0.6005236,351.5385,5.337214,0.9824776
0.3068939,0.5218153,0.6004999,351.5449,5.338197,0.9899521
0.3069693,0.5217004,0.6005142,351.5301,5.340306,0.9896206
0.3069364,0.5217359,0.6003927,351.5159,5.35992,0.9727632
0.3069201,0.5215944,0.6004816,351.528,5.338523,0.987179
0.3069052,0.5216498,0.6005018,351.5359,5.357628,0.9911636
0.3068683,0.5215916,0.60043,351.5236,5.342553,0.9863622
0.3068686,0.5216246,0.6004233,351.5198,5.329383,0.9880984
0.3069014,0.5216164,0.6004403,351.5402,5.344338,0.9846292
0.3068965,0.5215408,0.6005372,351.5143,5.354509,0.9903723
0.3068674,0.5216656,0.6005561,351.5219,5.346342,0.9907447
0.3068727,0.5215265,0.6005356,351.5274,5.33956,1.000414
0.3068411,0.5215493,0.6005529,351.5187,5.373399,0.9851534
0.3069316,0.5214888,0.6005641,351.5164,5.29993,1.007944
0.3068485,0.5215619,0.6006174,351.5039,5.383508,1.003142
0.3069042,0.5215658,0.6005661,351.4825,5.36955,0.9980814
0.3068879,0.5216074,0.600543,351.5016,5.347207,1.006439
0.3068779,0.5216068,0.6005307,351.5029,5.355505,1.003015
0.3068759,0.5215977,0.6004612,351.5012,5.35052,1.011245
0.3068741,0.5215406,0.6004429,351.4788,5.343826,1.017692
0.3068622,0.5216404,0.600475,351.4911,5.370561,1.009257
0.3069376,0.5216817,0.600479,351.4956,5.352592,1.014373
0.3069202,0.5216666,0.6004661,351.4759,5.349127,1.009593
0.3069211,0.5216071,0.600454,351.4858,5.362263,1.013978
0.3069806,0.5216237,0.6005746,351.4915,5.369897,1.022432
0.306913,0.5216615,0.6006331,351.493,5.36754,1.017678
0.3068953,0.521614,0.6005929,351.4887,5.360383,1.030949
0.3069049,0.5216705,0.6006142,351.4908,5.375141,1.017149
0.3069537,0.5218004,0.6005618,351.4901,5.35573,1.015703
0.3069338,0.521576,0.6004704,351.4584,5.359655,1.028876
0.3068649,0.5216306,0.600509,351.4872,5.372859,1.035502
0.3068607,0.5214918,0.600525,351.4728,5.334713,1.03167
0.3068209,0.5214674,0.6005409,351.4632,5.389466,1.020479
0.3068103,0.521411,0.6005728,351.4578,5.392917,1.032238
0.3068233,0.521499,0.6005172,351.4672,5.359063,1.030421
0.3069259,0.5216153,0.6006396,351.4679,5.361299,1.020083
0.3069039,0.5216025,0.600615,351.4681,5.372819,1.019966
0.306897,0.5214639,0.600619,351.4676,5.380888,1.012594
0.3069158,0.5214357,0.600626,351.4721,5.378289,1.021139
0.3069912,0.5214673,0.6006342,351.4651,5.365396,1.023781
0.3069277,0.5215137,0.6006924,351.4779,5.368866,1.019683
0.3068712,0.5213852,0.6005767,351.4609,5.372828,1.04094
0.3068171,0.5213321,0.6005594,351.4622,5.374017,1.028958
0.3067929,0.5214259,0.600536,351.4586,5.371691,1.032323
0.3069539,0.5214002,0.6006376,351.448,5.376884,1.017982
0.3069658,0.5214082,0.6006141,351.4644,5.372387,1.024682
0.3068988,0.5215034,0.6006837,351.4619,5.370412,1.035328
0.3068822,0.5215386,0.6006845,351.4614,5.372894,1.033375
0.3069549,0.5216462,0.6006568,351.4686,5.375734,1.033975
0.3069048,0.521721,0.6006851,351.4626,5.375793,1.032362
0.306851,0.5216543,0.6006417,351.4632,5.389175,1.042227
0.306905,0.5217148,0.6005821,351.4565,5.367678,1.03393
0.3069034,0.5216139,0.6005592,351.4471,5.361076,1.034331
0.306871,0.5215747,0.600553,351.436,5.364899,1.035192
0.3068274,0.5216123,0.6005172,351.4572,5.379416,1.028236
0.306824,0.5216553,0.600455,351.454,5.359317,1.024018
0.3068684,0.5216366,0.6006075,351.4534,5.364524,1.032534
0.3068369,0.5216327,0.6005595,351.4508,5.353594,1.039283
0.3067856,0.5215526,0.6005631,351.4449,5.363032,1.031099
0.3067945,0.5214936,0.6005841,351.444,5.374825,1.03476
0.306835,0.5215293,0.6006216,351.4458,5.389664,1.034592
0.306846,0.5215045,0.60063,351.4463,5.373656,1.026264
0.3068785,0.5213805,0.6006271,351.4497,5.382614,1.032273
0.3069201,0.5213723,0.600639,351.4363,5.376902,1.03447
0.3069105,0.5214159,0.6006284,351.4468,5.381625,1.027734
0.3069228,0.5214899,0.6005848,351.4383,5.381379,1.034147
0.3069195,0.5214698,0.6005641,351.4381,5.397604,1.030596
